Grade,Set,Title,Access Address
P2,1,P2 Online, www.google.com.au
P2,2,, www.google.com.au
P2,3,, www.google.com.au
P2,4,, www.google.com.au
P2,5,, www.google.com.au
P2,6,, www.google.com.au
P2,7,, www.google.com.au
P2,8,, www.google.com.au
P2,9,, www.google.com.au
P2,10,, www.google.com.au
P2,11,, www.google.com.au
P2,12,, www.google.com.au
P2,13,, www.google.com.au
P2,14,, www.google.com.au
P2,15,, www.google.com.au
P2,16,, www.google.com.au
P2,17,, www.google.com.au
P2,18,, www.google.com.au
P2,19,, www.google.com.au
P2,20,, www.google.com.au
P2,21,, www.google.com.au
P2,22,, www.google.com.au
P2,23,, www.google.com.au
P2,24,, www.google.com.au
P2,25,, www.google.com.au
P2,26,, www.google.com.au
P2,27,, www.google.com.au
P2,28,, www.google.com.au
P2,29,, www.google.com.au
P2,30,, www.google.com.au
P2,31,, www.google.com.au
P2,32,, www.google.com.au
P2,33,, www.google.com.au
P2,34,, www.google.com.au
P2,35,, www.google.com.au
P2,36,, www.google.com.au
P2,37,, www.google.com.au
P2,38,, www.google.com.au
P2,39,, www.google.com.au
P2,40,, www.google.com.au
P2,41,, www.google.com.au
P2,42,, www.google.com.au
P2,44,, www.google.com.au
P2,45,, www.google.com.au
P2,46,, www.google.com.au
P2,47,, www.google.com.au
P2,48,, www.google.com.au
P2,49,, www.google.com.au
P3,1,, www.google.com.au
P3,2,, www.google.com.au
P3,3,, www.google.com.au
P3,4,, www.google.com.au
P3,5,, www.google.com.au
P3,6,, www.google.com.au
P3,7,, www.google.com.au
P3,8,, www.google.com.au
P3,9,, www.google.com.au
P3,10,, www.google.com.au
P3,11,, www.google.com.au
P3,12,, www.google.com.au
P3,13,, www.google.com.au
P3,14,, www.google.com.au
P3,15,, www.google.com.au
P3,16,, www.google.com.au
P3,17,, www.google.com.au
P3,18,, www.google.com.au
P3,19,, www.google.com.au
P3,20,, www.google.com.au
P3,21,, www.google.com.au
P3,22,, www.google.com.au
P3,23,, www.google.com.au
P3,24,, www.google.com.au
P3,25,, www.google.com.au
P3,26,, www.google.com.au
P3,27,, www.google.com.au
P3,28,, www.google.com.au
P3,29,, www.google.com.au
P3,30,, www.google.com.au
P3,31,, www.google.com.au
P3,32,, www.google.com.au
P3,33,, www.google.com.au
P3,34,, www.google.com.au
P3,35,, www.google.com.au
P3,36,, www.google.com.au
P3,37,, www.google.com.au
P3,38,, www.google.com.au
P3,39,, www.google.com.au
P3,40,, www.google.com.au
P3,41,, www.google.com.au
P3,42,, www.google.com.au
P3,44,, www.google.com.au
P3,45,, www.google.com.au
P3,46,, www.google.com.au
P3,47,, www.google.com.au
P3,48,, www.google.com.au
P3,49,, www.google.com.au
P4,1,, www.google.com.au
P4,2,, www.google.com.au
P4,3,, www.google.com.au
P4,4,, www.google.com.au
P4,5,, www.google.com.au
P4,6,, www.google.com.au
P4,7,, www.google.com.au
P4,8,, www.google.com.au
P4,9,, www.google.com.au
P4,10,, www.google.com.au
P4,11,, www.google.com.au
P4,12,, www.google.com.au
P4,13,, www.google.com.au
P4,14,, www.google.com.au
P4,15,, www.google.com.au
P4,16,, www.google.com.au
P4,17,, www.google.com.au
P4,18,, www.google.com.au
P4,19,, www.google.com.au
P4,20,, www.google.com.au
P4,21,, www.google.com.au
P4,22,, www.google.com.au
P4,23,, www.google.com.au
P4,24,, www.google.com.au
P4,25,, www.google.com.au
P4,26,, www.google.com.au
P4,27,, www.google.com.au
P4,28,, www.google.com.au
P4,29,, www.google.com.au
P4,30,, www.google.com.au
P4,31,, www.google.com.au
P4,32,, www.google.com.au
P4,33,, www.google.com.au
P4,34,, www.google.com.au
P4,35,, www.google.com.au
P4,36,, www.google.com.au
P4,37,, www.google.com.au
P4,38,, www.google.com.au
P4,39,, www.google.com.au
P4,40,, www.google.com.au
P4,41,, www.google.com.au
P4,42,, www.google.com.au
P4,44,, www.google.com.au
P4,45,, www.google.com.au
P4,46,, www.google.com.au
P4,47,, www.google.com.au
P4,48,, www.google.com.au
P4,49,, www.google.com.au
P5,1,, www.google.com.au
P5,2,, www.google.com.au
P5,3,, www.google.com.au
P5,4,, www.google.com.au
P5,5,, www.google.com.au
P5,6,, www.google.com.au
P5,7,, www.google.com.au
P5,8,, www.google.com.au
P5,9,, www.google.com.au
P5,10,, www.google.com.au
P5,11,, www.google.com.au
P5,12,, www.google.com.au
P5,13,, www.google.com.au
P5,14,, www.google.com.au
P5,15,, www.google.com.au
P5,16,, www.google.com.au
P5,17,, www.google.com.au
P5,18,, www.google.com.au
P5,19,, www.google.com.au
P5,20,, www.google.com.au
P5,21,, www.google.com.au
P5,22,, www.google.com.au
P5,23,, www.google.com.au
P5,24,, www.google.com.au
P5,25,, www.google.com.au
P5,26,, www.google.com.au
P5,27,, www.google.com.au
P5,28,, www.google.com.au
P5,29,, www.google.com.au
P5,30,, www.google.com.au
P5,31,, www.google.com.au
P5,32,, www.google.com.au
P5,33,, www.google.com.au
P5,34,, www.google.com.au
P5,35,, www.google.com.au
P5,36,, www.google.com.au
P5,37,, www.google.com.au
P5,38,, www.google.com.au
P5,39,, www.google.com.au
P5,40,, www.google.com.au
P5,41,, www.google.com.au
P5,42,, www.google.com.au
P5,44,, www.google.com.au
P5,45,, www.google.com.au
P5,46,, www.google.com.au
P5,47,, www.google.com.au
P5,48,, www.google.com.au
P5,49,, www.google.com.au
P6,1,, www.google.com.au
P6,2,, www.google.com.au
P6,3,, www.google.com.au
P6,4,, www.google.com.au
P6,5,, www.google.com.au
P6,6,, www.google.com.au
P6,7,, www.google.com.au
P6,8,, www.google.com.au
P6,9,, www.google.com.au
P6,10,, www.google.com.au
P6,11,, www.google.com.au
P6,12,, www.google.com.au
P6,13,, www.google.com.au
P6,14,, www.google.com.au
P6,15,, www.google.com.au
P6,16,, www.google.com.au
P6,17,, www.google.com.au
P6,18,, www.google.com.au
P6,19,, www.google.com.au
P6,20,, www.google.com.au
P6,21,, www.google.com.au
P6,22,, www.google.com.au
P6,23,, www.google.com.au
P6,24,, www.google.com.au
P6,25,, www.google.com.au
P6,26,, www.google.com.au
P6,27,, www.google.com.au
P6,28,, www.google.com.au
P6,29,, www.google.com.au
P6,30,, www.google.com.au
P6,31,, www.google.com.au
P6,32,, www.google.com.au
P6,33,, www.google.com.au
P6,34,, www.google.com.au
P6,35,, www.google.com.au
P6,36,, www.google.com.au
P6,37,, www.google.com.au
P6,38,, www.google.com.au
P6,39,, www.google.com.au
P6,40,, www.google.com.au
P6,41,, www.google.com.au
P6,42,, www.google.com.au
P6,44,, www.google.com.au
P6,45,, www.google.com.au
P6,46,, www.google.com.au
P6,47,, www.google.com.au
P6,48,, www.google.com.au
P6,49,, www.google.com.au
S7,1,, www.google.com.au
S7,2,, www.google.com.au
S7,3,, www.google.com.au
S7,4,, www.google.com.au
S7,5,, www.google.com.au
S7,6,, www.google.com.au
S7,7,, www.google.com.au
S7,8,, www.google.com.au
S7,9,, www.google.com.au
S7,10,, www.google.com.au
S7,11,, www.google.com.au
S7,12,, www.google.com.au
S7,13,, www.google.com.au
S7,14,, www.google.com.au
S7,15,, www.google.com.au
S7,16,, www.google.com.au
S7,17,, www.google.com.au
S7,18,, www.google.com.au
S7,19,, www.google.com.au
S7,20,, www.google.com.au
S7,21,, www.google.com.au
S7,22,, www.google.com.au
S7,23,, www.google.com.au
S7,24,, www.google.com.au
S7,25,, www.google.com.au
S7,26,, www.google.com.au
S7,27,, www.google.com.au
S7,28,, www.google.com.au
S7,29,, www.google.com.au
S7,30,, www.google.com.au
S7,31,, www.google.com.au
S7,32,, www.google.com.au
S7,33,, www.google.com.au
S7,34,, www.google.com.au
S7,35,, www.google.com.au
S7,36,, www.google.com.au
S7,37,, www.google.com.au
S7,38,, www.google.com.au
S7,39,, www.google.com.au
S7,40,, www.google.com.au
S7,41,, www.google.com.au
S7,42,, www.google.com.au
S7,44,, www.google.com.au
S7,45,, www.google.com.au
S7,46,, www.google.com.au
S7,47,, www.google.com.au
S7,48,, www.google.com.au
S7,49,, www.google.com.au
S8,1,, www.google.com.au
S8,2,, www.google.com.au
S8,3,, www.google.com.au
S8,4,, www.google.com.au
S8,5,, www.google.com.au
S8,6,, www.google.com.au
S8,7,, www.google.com.au
S8,8,, www.google.com.au
S8,9,, www.google.com.au
S8,10,, www.google.com.au
S8,11,, www.google.com.au
S8,12,, www.google.com.au
S8,13,, www.google.com.au
S8,14,, www.google.com.au
S8,15,, www.google.com.au
S8,16,, www.google.com.au
S8,17,, www.google.com.au
S8,18,, www.google.com.au
S8,19,, www.google.com.au
S8,20,, www.google.com.au
S8,21,, www.google.com.au
S8,22,, www.google.com.au
S8,23,, www.google.com.au
S8,24,, www.google.com.au
S8,25,, www.google.com.au
S8,26,, www.google.com.au
S8,27,, www.google.com.au
S8,28,, www.google.com.au
S8,29,, www.google.com.au
S8,30,, www.google.com.au
S8,31,, www.google.com.au
S8,32,, www.google.com.au
S8,33,, www.google.com.au
S8,34,, www.google.com.au
S8,35,, www.google.com.au
S8,36,, www.google.com.au
S8,37,, www.google.com.au
S8,38,, www.google.com.au
S8,39,, www.google.com.au
S8,40,, www.google.com.au
S8,41,, www.google.com.au
S8,42,, www.google.com.au
S8,44,, www.google.com.au
S8,45,, www.google.com.au
S8,46,, www.google.com.au
S8,47,, www.google.com.au
S8,48,, www.google.com.au
S8,49,, www.google.com.au
S9,1,, www.google.com.au
S9,2,, www.google.com.au
S9,3,, www.google.com.au
S9,4,, www.google.com.au
S9,5,, www.google.com.au
S9,6,, www.google.com.au
S9,7,, www.google.com.au
S9,8,, www.google.com.au
S9,9,, www.google.com.au
S9,10,, www.google.com.au
S9,11,, www.google.com.au
S9,12,, www.google.com.au
S9,13,, www.google.com.au
S9,14,, www.google.com.au
S9,15,, www.google.com.au
S9,16,, www.google.com.au
S9,17,, www.google.com.au
S9,18,, www.google.com.au
S9,19,, www.google.com.au
S9,20,, www.google.com.au
S9,21,, www.google.com.au
S9,22,, www.google.com.au
S9,23,, www.google.com.au
S9,24,, www.google.com.au
S9,25,, www.google.com.au
S9,26,, www.google.com.au
S9,27,, www.google.com.au
S9,28,, www.google.com.au
S9,29,, www.google.com.au
S9,30,, www.google.com.au
S9,31,, www.google.com.au
S9,32,, www.google.com.au
S9,33,, www.google.com.au
S9,34,, www.google.com.au
S9,35,, www.google.com.au
S9,36,, www.google.com.au
S9,37,, www.google.com.au
S9,38,, www.google.com.au
S9,39,, www.google.com.au
S9,40,, www.google.com.au
S9,41,, www.google.com.au
S9,42,, www.google.com.au
S9,44,, www.google.com.au
S9,45,, www.google.com.au
S9,46,, www.google.com.au
S9,47,, www.google.com.au
S9,48,, www.google.com.au
S9,49,, www.google.com.au
S10,1,, www.google.com.au
S10,2,, www.google.com.au
S10,3,, www.google.com.au
S10,4,, www.google.com.au
S10,5,, www.google.com.au
S10,6,, www.google.com.au
S10,7,, www.google.com.au
S10,8,, www.google.com.au
S10,9,, www.google.com.au
S10,10,, www.google.com.au
S10,11,, www.google.com.au
S10,12,, www.google.com.au
S10,13,, www.google.com.au
S10,14,, www.google.com.au
S10,15,, www.google.com.au
S10,16,, www.google.com.au
S10,17,, www.google.com.au
S10,18,, www.google.com.au
S10,19,, www.google.com.au
S10,20,, www.google.com.au
S10,21,, www.google.com.au
S10,22,, www.google.com.au
S10,23,, www.google.com.au
S10,24,, www.google.com.au
S10,25,, www.google.com.au
S10,26,, www.google.com.au
S10,27,, www.google.com.au
S10,28,, www.google.com.au
S10,29,, www.google.com.au
S10,30,, www.google.com.au
S10,31,, www.google.com.au
S10,32,, www.google.com.au
S10,33,, www.google.com.au
S10,34,, www.google.com.au
S10,35,, www.google.com.au
S10,36,, www.google.com.au
S10,37,, www.google.com.au
S10,38,, www.google.com.au
S10,39,, www.google.com.au
S10,40,, www.google.com.au
S10,41,, www.google.com.au
S10,42,, www.google.com.au
S10,44,, www.google.com.au
S10,45,, www.google.com.au
S10,46,, www.google.com.au
S10,47,, www.google.com.au
S10,48,, www.google.com.au
S10,49,, www.google.com.au
TT6,2,, www.google.com.au
TT6,3,, www.google.com.au
TT6,4,, www.google.com.au
TT6,5,, www.google.com.au
TT6,6,, www.google.com.au
TT6,7,, www.google.com.au
TT6,8,, www.google.com.au
TT6,9,, www.google.com.au
TT6,10,, www.google.com.au
TT6,11,, www.google.com.au
TT6,12,, www.google.com.au
TT6,13,, www.google.com.au
TT6,14,, www.google.com.au
TT6,15,, www.google.com.au
TT6,16,, www.google.com.au
TT6,17,, www.google.com.au
TT6,18,, www.google.com.au
TT6,19,, www.google.com.au
TT6,20,, www.google.com.au
TT6,21,, www.google.com.au
TT6,22,, www.google.com.au
TT6,23,, www.google.com.au
TT6,24,, www.google.com.au
TT6,25,, www.google.com.au
TT6,26,, www.google.com.au
TT6,27,, www.google.com.au
TT6,28,, www.google.com.au
TT6,29,, www.google.com.au
TT6,30,, www.google.com.au
TT6,31,, www.google.com.au
TT6,32,, www.google.com.au
TT6,33,, www.google.com.au
TT6,34,, www.google.com.au
TT6,35,, www.google.com.au
TT6,36,, www.google.com.au
TT6,37,, www.google.com.au
TT6,38,, www.google.com.au
TT6,39,, www.google.com.au
TT6,40,, www.google.com.au
TT6,41,, www.google.com.au
TT6,42,, www.google.com.au
TT6,44,, www.google.com.au
TT6,45,, www.google.com.au
TT6,46,, www.google.com.au
TT6,47,, www.google.com.au
TT6,48,, www.google.com.au
TT6,49,, www.google.com.au
TT8,1,, www.google.com.au
TT8,2,, www.google.com.au
TT8,3,, www.google.com.au
TT8,4,, www.google.com.au
TT8,5,, www.google.com.au
TT8,6,, www.google.com.au
TT8,7,, www.google.com.au
TT8,8,, www.google.com.au
TT8,9,, www.google.com.au
TT8,10,, www.google.com.au
TT8,11,, www.google.com.au
TT8,12,, www.google.com.au
TT8,13,, www.google.com.au
TT8,14,, www.google.com.au
TT8,15,, www.google.com.au
TT8,16,, www.google.com.au
TT8,17,, www.google.com.au
TT8,18,, www.google.com.au
TT8,19,, www.google.com.au
TT8,20,, www.google.com.au
TT8,21,, www.google.com.au
TT8,22,, www.google.com.au
TT8,23,, www.google.com.au
TT8,24,, www.google.com.au
TT8,25,, www.google.com.au
TT8,26,, www.google.com.au
TT8,27,, www.google.com.au
TT8,28,, www.google.com.au
TT8,29,, www.google.com.au
TT8,30,, www.google.com.au
TT8,31,, www.google.com.au
TT8,32,, www.google.com.au
TT8,33,, www.google.com.au
TT8,34,, www.google.com.au
TT8,35,, www.google.com.au
TT8,36,, www.google.com.au
TT8,37,, www.google.com.au
TT8,38,, www.google.com.au
TT8,39,, www.google.com.au
TT8,40,, www.google.com.au
TT8,41,, www.google.com.au
TT8,42,, www.google.com.au
TT8,44,, www.google.com.au
TT8,45,, www.google.com.au
TT8,46,, www.google.com.au
TT8,47,, www.google.com.au
TT8,48,, www.google.com.au
TT8,49,, www.google.com.au